before,checkout,dairy,drinks,fruit,spices
dairy,0.10331252460491536,0.7370226646420336,0.05854563860300321,0.04977222878353298,0.05134694336651482
drinks,0.21562982005141387,0.010899742930591259,0.598560411311054,0.08791773778920309,0.08699228791773779
entrance,0.0005372733378106112,0.28744123572867697,0.1533915379449295,0.3773002014775017,0.18132975151108127
fruit,0.20155770592400282,0.09574384391471953,0.054834395405554244,0.5971992762174495,0.05066477853827393
spices,0.15052564510990762,0.19321439949028352,0.163109270468302,0.09095253265371138,0.4021981522777955
